bcaudelier0,tpatten0@parallels.com,DxXH8lfmWYQ
tcucinotta1,elonie1@ft.com,XNvtGbcv
dtinker2,dkemitt2@t-online.de,8hrEp1Dy6
wraffan3,leynald3@friendfeed.com,8hsBBbQO
bpointin4,emackieson4@theglobeandmail.com,SsKsvo8REHh
paguirrezabal5,bfavel5@walmart.com,95MnGtJHDx8
scuphus6,jaspland6@discuz.net,7h7LP5Dx
erooney7,bdullingham7@toplist.cz,HvHWghZZCy
ihearsey8,jnutter8@trellian.com,cZVeX2LSL
mingreda9,pespadero9@usda.gov,OADk78REExo
ubielefelda,cbernaldeza@springer.com,w7VL67j
mhearnamanb,wtoffolob@home.pl,pOkwMy
jloachc,gcraisfordc@storify.com,C3OV2FmI
pwurstd,ahatrickd@cmu.edu,TzISvPEc2iKK
jbaigente,tkeelinge@marriott.com,0omHtqWORn
hbrocksf,ajaumef@apple.com,Y8kopqS
scawtherag,fdrogang@gizmodo.com,kL8GHnekdSRh
kconnerryh,divashechkinh@goodreads.com,9mEf75u
grysoni,acabanei@devhub.com,5Cmjgl
clombardoj,jgozzettj@elpais.com,GCbEtgUMHurd
kchasierk,nprosserk@zimbio.com,f33tWWuEEL
pfreundl,gsiaspinskil@upenn.edu,FhJ05r
cskyrmem,krobjantm@meetup.com,TfJ8JhG50P
ltowardn,fpoletn@meetup.com,HYkAN4
lkinneno,bhutchenso@loc.gov,tUNyaXRdKM9O
cridholep,smcsperronp@globo.com,0xWDCE
ybarthorpeq,lnutbeamq@latimes.com,oNKj8baB6
zlorner,mheartyr@paginegialle.it,QRmsCmKjmb85
gbecariss,lhawtins@seattletimes.com,t9ytHX
jtoderbrugget,chabardt@a8.net,ADB7LCBBd
dabyssu,dlustedu@ycombinator.com,Uys7gy
ehartusv,etwiddellv@google.ca,ZLuotrqv
aiiannoniw,lheggadonw@goo.gl,8xvSCUzS
amanthorpex,walyoshinx@furl.net,SBKlxkp
fmaxfieldy,ggosnelly@usda.gov,2hMCrp
lkidnerz,bmilkehamz@bloglovin.com,v08IjMdDrb
wbertomieu10,cchastand10@tumblr.com,Zu2UOxK
dcurtin11,bjanson11@accuweather.com,MLgOSazLJRu
adainter12,csextie12@gov.uk,AQpUjz
vtrusty13,gwurz13@usa.gov,fa8X4f
fsisey14,ktivolier14@answers.com,y8mWZT
tfrary15,agrieswood15@purevolume.com,BTCmwQQ3
htombs16,gwalkley16@barnesandnoble.com,yRIadfNz7
ccristofol17,gordidge17@vkontakte.ru,oBDMetKqMC
lscothron18,bhamblyn18@studiopress.com,sXNlpXMKoxz
nchinnery19,bvogeler19@spiegel.de,XZVdEQ
rhelleker1a,kturtle1a@ucla.edu,XTUV3A
dferraresi1b,cbrittin1b@mit.edu,cfRmfBeIyYLG
dmcglaughn1c,ccolson1c@ovh.net,4zmkJBO
hvesque1d,jgornal1d@cnet.com,DoHqx7
ccogzell1e,mcayton1e@ocn.ne.jp,gGw5pkg7gU
cphayre1f,kdowty1f@cdc.gov,n5HbW05bd2a
gdacre1g,tfarmery1g@google.co.uk,4KDcvrH4
tantoniat1h,jservis1h@huffingtonpost.com,Rfohym6U
lpointer1i,ldast1i@tinyurl.com,XPoou9xp
bupton1j,lmcclure1j@topsy.com,LdIJftGB62
meuplate1k,bnotton1k@time.com,atGFvh3qWPmt
awimpeney1l,msindall1l@bing.com,9IQEQNLDj
dspurritt1m,alinturn1m@bravesites.com,npfuuDN
rgeard1n,dhightown1n@cnn.com,Wa3zUXl
tprandin1o,cvolker1o@g.co,6HdScFiaB
dtripett1p,jevequot1p@house.gov,FiV8Bmj
gfelstead1q,scaesman1q@quantcast.com,6AVU9Yj7VhC
vspencley1r,aharlick1r@timesonline.co.uk,owX22Hw
kchurchley1s,kcroutear1s@fotki.com,tgwmRK
frichardson1t,lcarbine1t@google.cn,rnh2B6i
medgeson1u,rscone1u@npr.org,z5G1kpbu1I
gmaccard1v,cbuxy1v@auda.org.au,lyL4qwY
mbolte1w,zcandy1w@usnews.com,3N4UxWn2y
tgummer1x,dkepe1x@foxnews.com,qfnErKMs
bmccomb1y,hseeney1y@stumbleupon.com,xPVtsWe
gkernan1z,wlattimore1z@flickr.com,6HfIXfbNh
jbugdell20,jstleger20@harvard.edu,okJHaaypU
pbranno21,triggott21@intel.com,tr7wqAYV92i
pbonnefin22,tbracchi22@yellowpages.com,CL3w0eh2A
tmixhel23,bhamflett23@google.com.au,tDfmkWv
aaughton24,ehessentaler24@123-reg.co.uk,lEO8uKi51d1
jliebermann25,sthurlbourne25@eventbrite.com,TYI04MaY
mstebbings26,rswait26@xing.com,XaNGRsBM
npybworth27,eyapp27@paypal.com,Tft6yD9z
lgainsborough28,mstealy28@hostgator.com,Qqb3hTJTVwIx
lgoadby29,dmckibbin29@edublogs.org,weguknJ
ccurm2a,tceeley2a@businessinsider.com,Wi5pfdc
crilton2b,bnisot2b@amazon.co.uk,r63KKcDbBYlI
hcawthry2c,kbernolet2c@posterous.com,UqfZ0C7I4kKS
tellesworth2d,slibbis2d@cyberchimps.com,JqkHKc64gKY2
ajosskowitz2e,cbourrel2e@wikipedia.org,TbKiCzEyd
waitken2f,lbeckworth2f@wordpress.com,WhE4rKEyB
akochl2g,kruthven2g@cam.ac.uk,b6g95v
limlen2h,tsives2h@istockphoto.com,w4DpRKOScqJ
edawidowsky2i,etiuit2i@engadget.com,7V4bF1XKPbo
sagate2j,knorthcliffe2j@netvibes.com,WLsCyzdZ
chaking2k,eruddell2k@cnn.com,NZ3YQmbol8
mcathersides2l,dpettigrew2l@engadget.com,9KteVYg9fM
cwassung2m,lassard2m@drupal.org,dxG8SEtlO61a
gklebes2n,psail2n@archive.org,71PnwF0Rn
iglass2o,jgaish2o@gmpg.org,EFcfk0DXOLo
ptezure2p,cwest2p@psu.edu,1bMrMvp
nroxbee2q,adillaway2q@feedburner.com,ONB5ahgpz
bbelcham2r,lskahill2r@gnu.org,0rN1fSG
shuzzay2s,fhinstock2s@hexun.com,ts63UwwgP
gbeasant2t,osawfoot2t@boston.com,8MvTB4UAlS5
rhugli2u,akirimaa2u@wikispaces.com,tkzvf2SMqCb
lbangle2v,bcream2v@google.es,AvngJJvR
arichel2w,mcanby2w@ebay.co.uk,T1oglqw7H
ogreenroa2x,ehollow2x@icio.us,Tue3Ed
sbaversor2y,zjefford2y@nationalgeographic.com,2WrSUeT
cserjeantson2z,rdemeis2z@ox.ac.uk,r3FSk04ZYZwV
rtompkin30,ckirtlan30@time.com,ycmH2jItPY
dgirvin31,lpauel31@domainmarket.com,926Ts1
mslinger32,jroycroft32@vimeo.com,tmcBVB
wcresar33,iethersey33@google.com.br,FhuyEuQTN
jsales34,cthoresby34@ow.ly,liueuC
wtroke35,ghearty35@behance.net,djqU3n
mpally36,mgregoretti36@gov.uk,c0tQPpA3g
orobiot37,mlathom37@wsj.com,teVhRTBNKTA
abraidman38,enelm38@answers.com,T8klA1lA6P
ppasterfield39,ewanka39@360.cn,FZSFLGx7t7g
rolongain3a,esneden3a@phoca.cz,KYi9ZdgBzot
cspurett3b,mgreendale3b@time.com,hgQYxoHOXv
ssinnat3c,vkarp3c@sphinn.com,3c1SAo
nfaldoe3d,aduigan3d@howstuffworks.com,XTLk8JiHj
jdikles3e,ptring3e@furl.net,85C6dJgd
tjimeno3f,bwytchard3f@marketwatch.com,X31FZ7vit
flilburn3g,laldrick3g@upenn.edu,Q7fnRNPDqzl
kgobel3h,rjimson3h@mail.ru,iag1C6sR
kbratch3i,flalley3i@mayoclinic.com,ENh3HoBk7Uo
astopforth3j,ggwilt3j@lulu.com,FGGsjzn9c
aedwardson3k,tjoesbury3k@csmonitor.com,prNXp4EB
imckeefry3l,cmedina3l@theglobeandmail.com,Hs53KOVt
acartmale3m,neslie3m@dailymail.co.uk,XU4t0NlvE6
hknocker3n,gsalzberger3n@123-reg.co.uk,gh4JeRAfzT
vruncieman3o,chulkes3o@hud.gov,fAKRQhRn538
acarles3p,dlammertz3p@harvard.edu,nSpEX74LGssH
cbloschke3q,ebushrod3q@wikipedia.org,U21m2iBTREO
mparres3r,cdore3r@artisteer.com,18agK5
rduker3s,cmargetson3s@domainmarket.com,y0kiH2
cgadeaux3t,owhittock3t@sina.com.cn,thYysXxS
jzanutti3u,tharridge3u@disqus.com,skKAQvFSaUG
egolt3v,amacfarlane3v@163.com,S6GIvGSZO
anawton3w,liacomini3w@state.tx.us,VTeECQlNQ
pmaffione3x,tmoehler3x@gnu.org,6xxLMSJy9v
dqualtrough3y,elomax3y@etsy.com,ksfXt2
asoar3z,akintzel3z@howstuffworks.com,QJGUAxXhX
atasseler40,astraun40@yale.edu,qzwMtkLSjPYv
echeccucci41,ckenn41@house.gov,bgaWFL0ea6
jdossetter42,csarsfield42@patch.com,TInSdEvHP
rfiloniere43,asleite43@1688.com,3gzuHtwq2A
cdekeyser44,adouse44@utexas.edu,tUSA8MMsX7
bsteljes45,mjahnel45@angelfire.com,oTfxStf
fgarbott46,jgrote46@abc.net.au,a5cdfwIynoH0
bmcgillreich47,cvasyatkin47@statcounter.com,1zfI7l3zj7h
erizzotto48,weardley48@rambler.ru,KB9nLni
cdiffley49,qforst49@myspace.com,5FCFbSL
dbazek4a,lpauls4a@prweb.com,7iJ8FIxfDjRF
bstruther4b,agoldbourn4b@exblog.jp,xsGOYO4INv
omichelet4c,dbudding4c@newsvine.com,IxEaDm5d5
igilliver4d,pfeldstein4d@a8.net,S0qTZG
dlazare4e,ueuels4e@amazon.com,84wbVekmRp
omaneylaws4f,diaduccelli4f@wikimedia.org,OZ9X3e9i
hrotlauf4g,akiendl4g@google.pl,IEZhehwTHQr
oscardafield4h,ascading4h@shutterfly.com,zxpsgbniNh
ngerred4i,ecalender4i@cnet.com,utyzaZdR
esalerg4j,tofarris4j@amazon.co.jp,MsV3lk6w
eplacide4k,rcoorington4k@hostgator.com,BwuXE67R
elusty4l,pbrailey4l@wisc.edu,haPTOXyf5fD
aangel4m,ejeeves4m@chicagotribune.com,UD5kyqqFvGF
apalleske4n,tmanueli4n@people.com.cn,3ylgQx
ddeek4o,gstebbin4o@51.la,4YiySXsirG
rmatelyunas4p,croubay4p@nyu.edu,2BV9DeOBfM
cmcdugal4q,ggregolin4q@oracle.com,mFaG5q
baguirrezabala4r,rstormouth4r@digg.com,C8A86KJIU7
ugravener4s,kmularkey4s@goo.gl,X1XXGztiafB
hbold4t,obruniges4t@techcrunch.com,KEG0WTH9
dpossel4u,gmccorkell4u@latimes.com,RITVcCoj6g
salbany4v,idodridge4v@reddit.com,Q8WJMv5
nhefford4w,bconnerly4w@deviantart.com,m3PLx5
mreboul4x,amarchand4x@hud.gov,oNVT80bTeQ
ethurske4y,pkupker4y@blogs.com,ergrqP
scorstan4z,glinsley4z@mediafire.com,kR7Aj76
dwhybray50,ncooch50@jigsy.com,TL57JB
bbehnecke51,weadington51@artisteer.com,8SD76HOCi1mB
rbagnell52,dcutill52@hp.com,pF32cA6TA
akalkofen53,cmatuszewski53@bbc.co.uk,R5bI44wlcW
kshavel54,lsigsworth54@umich.edu,9wH8G8Kqe
abrunicke55,nfulle55@e-recht24.de,eSTA6P
smcgeoch56,ssetter56@blog.com,8pjVoEN5
ahandscombe57,kshellcross57@w3.org,dqURIpoK1B
abeade58,ccometti58@wp.com,GKOdDeIzn
jpeggram59,emcilvaney59@senate.gov,GIxbJwVf
sjacson5a,udcruze5a@acquirethisname.com,whFjjIPjWHK
prabbatts5b,grivalant5b@uol.com.br,kNPEjL5KCjvJ
ibatalle5c,gflay5c@blogs.com,vOXpl7
ddemicoli5d,jmclugaish5d@businessinsider.com,9cgj5CIFkL8W
flopes5e,lcammiemile5e@de.vu,2NriXpgAvDG
ybracken5f,lsides5f@pinterest.com,4ylLTq0Eu
cwarrack5g,sfurst5g@smugmug.com,qSEhyuTk
cedwin5h,dgouldbourn5h@bravesites.com,QQa2GdPEK
wleivers5i,jcoultas5i@liveinternet.ru,RkqK2cJcvzi
jhoopper5j,atopaz5j@princeton.edu,4KndXQ
fnorledge5k,freek5k@mit.edu,7YvB4YNNBIL
rclethro5l,ocisland5l@jalbum.net,KwbUKCT
ckleinpeltz5m,taronowitz5m@amazon.co.uk,LKEuZpFpXPe
mmant5n,otaillard5n@weebly.com,fv4T6l
kgillicuddy5o,sphuprate5o@mac.com,JM2BXCmIy
amckillop5p,dgunson5p@g.co,h7kQoZ
dbarbosa5q,amussetti5q@mediafire.com,eI3O0mCJMyQQ
pforcer5r,aroncelli5r@wired.com,43jHA2
cyackiminie5s,azimmermanns5s@linkedin.com,QYE6Sqy
csellwood5t,eenrrico5t@mlb.com,JSo8eSEtJH
vpirot5u,blaurance5u@about.com,I1QWvtWsk
lhatherley5v,smepsted5v@sogou.com,0UYHpX
dlicquorish5w,rpaterson5w@ocn.ne.jp,1kFhGe5Fuy63
bfalco5x,kprendergrass5x@hhs.gov,cfzE0FQQ8rS
dcrigin5y,ispruce5y@blogtalkradio.com,7ZA7A0tnf
vdigle5z,ucerie5z@berkeley.edu,wyHm6I4ZH0
spisco60,isiebert60@com.com,64RmXhUrmeox
spattle61,afreeberne61@w3.org,7zLFXMfS2
dwinger62,pchasteney62@imageshack.us,GZFffUvnGKWf
jhoffman63,mgepp63@statcounter.com,DXSC4VPFdF
erubinovici64,plambricht64@youtube.com,ElYEDgN
gheliar65,amccormack65@live.com,R26UA9w4oNf
mlethbrig66,rsilveston66@multiply.com,0ZG7GH9Zy0Qw
aitter67,elobb67@youtu.be,BQDB5c
cgerrey68,rdefty68@macromedia.com,ES2xLej1Rq0C
gmcgilvary69,jberndtssen69@engadget.com,jrxbsp8uaZnb
keyles6a,alamdin6a@yellowbook.com,MfZhTf
ntrundle6b,jmallaby6b@amazon.com,l5e6i1aiVa
jstonnell6c,nklink6c@yellowbook.com,qakZvD
hrubinov6d,wmacmenamin6d@irs.gov,lrLCfsmZqeG9
akettle6e,fashbee6e@fc2.com,KLOjkEfRJ
mlafranconi6f,vblakesley6f@harvard.edu,i482KBAG0i
asjostrom6g,mmaine6g@reddit.com,7ujhsmt
jtulip6h,estrond6h@jiathis.com,BKSpznGYB3
erowat6i,dcaress6i@amazonaws.com,wTZWj5DV
aclerc6j,pdalgarno6j@bbc.co.uk,daqyG2gpx
sdurran6k,chaldon6k@amazon.co.jp,YGH696SGS
dfyfield6l,afeldman6l@google.com,M9TeZxe
zelvy6m,rrenbold6m@yahoo.co.jp,98f6saULvXEI
cmactrusty6n,fpeggram6n@pbs.org,TeoNA3NsOOw
owegener6o,egalier6o@about.me,2abU77
dillem6p,mcrips6p@weebly.com,WlFY3C
sclappson6q,kkoschek6q@soup.io,Ue3H3D
cstraffon6r,iwakerley6r@narod.ru,NRroky9hR
snarup6s,myoud6s@admin.ch,AGE7V0XO
tdanbury6t,rcaffrey6t@marketwatch.com,7CUkSSriX
evalentine6u,csealeaf6u@engadget.com,gpi6pXs
ggail6v,sstickney6v@163.com,E7LuIiXr
adunstan6w,ldipietro6w@intel.com,wwdEZf1l
kblissett6x,nwebster6x@mapquest.com,XafUmJzF
dlysaght6y,glawie6y@cnn.com,YCeNC8oF80O
apoynton6z,dreffe6z@rediff.com,yseVXBWoLoP
aminithorpe70,fgunther70@skyrock.com,4JOBzZ
rmapston71,tolliver71@java.com,KiLpYJv
rschankel72,emalim72@goo.gl,sApQBN7
rvinker73,wdimitriades73@yale.edu,zWfWUdY
gbennetto74,ejosephov74@nhs.uk,CeZVaNF
ljacke75,gkiff75@lycos.com,VmqwPC7LND
csheppard76,sarchbould76@cloudflare.com,cNPXlL7c
dsellick77,deustanch77@mit.edu,RqalDeQR1
hdonan78,fcobby78@apple.com,3oQwTzTFV5
tmunnion79,ehutable79@webnode.com,ygfJSytoN
ktales7a,ilinfoot7a@mashable.com,3vxNkZQTBvt3
wmcginley7b,ckohrsen7b@harvard.edu,zkeRdH7ZGoDQ
mcurnnok7c,lkrook7c@nhs.uk,Pz3bF9jk
jklewer7d,jrobertelli7d@dedecms.com,JJKCwC
cgormally7e,nashburner7e@marriott.com,RqGDZih9Cc
cpele7f,jbrumhead7f@ebay.com,GN6G6uSMlsJ
elampens7g,guvedale7g@state.tx.us,2D1GygBiK956
mgasker7h,lbotterman7h@macromedia.com,gHKCxvZ1
cstollberger7i,aquiddington7i@mashable.com,zhJAAPPr1
ekosel7j,espollen7j@senate.gov,CG7Qrej
lrounsefell7k,vkupec7k@nps.gov,jRljiqaQ
clabb7l,awilby7l@google.com,OA1D0as
bbartholomaus7m,mmclaughlin7m@miibeian.gov.cn,KYKoTBPHHSva
kluchelli7n,ametcalf7n@google.fr,wL1F5L
jmoultrie7o,cbuttrey7o@facebook.com,DUJYjbu3wYmZ
uhodgins7p,fboise7p@illinois.edu,NWIVPL
thoodlass7q,fphizacklea7q@blogtalkradio.com,fqZKR3P9P
tgresly7r,ocallan7r@multiply.com,CbsuHl8C
ascholling7s,cslyne7s@pcworld.com,dO4llAHt9f1a
lfinicj7t,jnoteyoung7t@cdc.gov,4qRVYaYU7Zn
mablott7u,osnawden7u@mysql.com,2bmMYGHJ4ii
bverecker7v,cpeller7v@ebay.co.uk,IG4th4IRD
ccrowche7w,mmacura7w@china.com.cn,JDoXM9P
mmatveiko7x,sdionisi7x@tinyurl.com,pH6HzOP5U
lpalister7y,omottershaw7y@sina.com.cn,dTkRjQJPf
mleith7z,bkendal7z@youtu.be,Y2J3FHWzL
aconman80,bmil80@cnbc.com,PdAhsf
bhurley81,tgilvear81@artisteer.com,jiEY8qPB3On
acoulter82,dstubbings82@gnu.org,rsBbiwW7kw
lroskams83,nfocke83@ucla.edu,EiwdGOBlS
bheggie84,cshirlaw84@ted.com,S1ig5ZZ4X
gjosum85,rlacknor85@blogspot.com,R7gjpAKr7
asoanes86,bhinder86@creativecommons.org,Dwo9HhU
kdrysdall87,nthuillier87@weibo.com,X7MvlosysLX
tflather88,mschroeder88@paypal.com,WOKhNnR
mmattiessen89,dyitzhok89@tinyurl.com,pSZVBT
gnation8a,mleguey8a@senate.gov,giea20gF1
djozaitis8b,vandersson8b@newsvine.com,D6fTreH0BH
kbroe8c,ecolquhoun8c@wunderground.com,ZAIbVHhN
bscathard8d,lwindram8d@phpbb.com,eMeeMR
cedgeson8e,ikisting8e@live.com,ykJlFne6yM
hlandreth8f,amilkins8f@gov.uk,pGTLuryF
gpattisson8g,rbauchop8g@mediafire.com,RGAukw4nkRxF
cjeffrey8h,ndumingo8h@wsj.com,l6688ClJ
narrell8i,cviste8i@networkadvertising.org,ECXxKa2ho
kbalnave8j,cchesterman8j@google.com,k2sCWGAz
cgravenall8k,rblumson8k@craigslist.org,KJDhSQyQRoty
hwinsley8l,cjanney8l@shinystat.com,ZiIgpUabn
ditzchaky8m,egwynn8m@linkedin.com,sx7sRq9S8kb
hpieper8n,clatore8n@rediff.com,7S0KnsJz
efitzgibbon8o,tdebeauchemp8o@salon.com,zfCFf9nFExw
cmaxworthy8p,kfrude8p@vinaora.com,YnLdnZ91gdqc
fenrrico8q,dpacheco8q@biblegateway.com,3XBRpQZ3
dmatthewson8r,abowdon8r@independent.co.uk,P0OT53Fd
mchatel8s,mthouless8s@bluehost.com,rlLgvAys2ny3
cmccluskey8t,coganian8t@simplemachines.org,XD11P4Km
tbyrd8u,gdanahar8u@altervista.org,inE6BpJEoZ
fpenwell8v,vpietruszewicz8v@scientificamerican.com,t4KC9qEoAuO
pgulberg8w,fgulberg8w@e-recht24.de,8dy0QMnxw
bmarcroft8x,ldibbe8x@noaa.gov,Tih6zU
lgerran8y,jcastillon8y@cornell.edu,tp8n42bc0
jbellefonte8z,sdockrell8z@tripadvisor.com,0wnrCTC83Ds
agerrish90,slinham90@mozilla.com,STwZ5y
gtupman91,lcardenosa91@businesswire.com,GEvdwplKXj
elovick92,notowey92@omniture.com,ZfjMxbwo6d
mcrosse93,iromi93@topsy.com,yEjvAlE
eogaven94,tshinn94@hostgator.com,CfCRci
sshalders95,kshottin95@vimeo.com,1bj2K43tJAS
tevennett96,cgabbott96@bandcamp.com,ukwLvHlE1pNj
fkoppen97,cybarra97@freewebs.com,2oZCf1Hj
yannis98,mjerson98@tripadvisor.com,8SHiAC
gloy99,leskell99@wunderground.com,nQlgBE
bmeharry9a,fmillwall9a@twitpic.com,dpdpHwBgC
nberens9b,jrickword9b@wiley.com,nC6JuwGSxRj
khaynes9c,khann9c@wikimedia.org,gmpe9KLH8
pwitherup9d,mvigers9d@meetup.com,lZRvGlTu
afone9e,bwychard9e@ca.gov,sbaHLW9AJR
hbalchin9f,ediemer9f@engadget.com,lTtsoOY02Eo
sradborne9g,lboutwell9g@xing.com,B79uBd
vbrombell9h,bharder9h@abc.net.au,vXsQ8NOEciu
cleborgne9i,ciscowitz9i@aboutads.info,Dth5GVKjS4
warpe9j,adavidov9j@hostgator.com,bXzxH99oyW
ldurrett9k,bliversedge9k@opensource.org,RDw2MG
fcosti9l,hcapozzi9l@reverbnation.com,BnW6CS
gcarmel9m,jdragge9m@stanford.edu,n92Cq8
cinnis9n,alanceter9n@patch.com,6aKffZsF7H
pdunan9o,anorton9o@usa.gov,IpphnojxtP0
dgoulthorp9p,dsisley9p@ihg.com,WyDyKG
mscreeton9q,jtal9q@hexun.com,qfpBEt6E
jjenkison9r,kdysert9r@businessinsider.com,arqR3S0rWn
cmarrow9s,rsavoury9s@msu.edu,rzxsP68OwhD7
bstollenbecker9t,agarnsworthy9t@wix.com,my8oIKgjrw2
wakroyd9u,dwisam9u@com.com,VGSOiu8
njest9v,cbrimilcombe9v@bandcamp.com,atkb2XqM7
btomet9w,bpetteford9w@cyberchimps.com,2rtmDMh4
emorrill9x,sleathers9x@howstuffworks.com,3casRScD
laugustine9y,hlunk9y@intel.com,IN8XXc4j
aossulton9z,fben9z@a8.net,ZQBi1Pc
svellacotta0,fetteridgea0@nature.com,PuOQBDwL1S
mmaccolea1,mcarstairsa1@patch.com,vy7m0L4O
rmariauda2,dklosgesa2@nydailynews.com,hTojCxRUfv3g
fbeddona3,jdochertya3@gov.uk,La0OXuYnC7Id
aantonionia4,tdaynea4@arstechnica.com,o3YbiE
sprettya5,kskallya5@vinaora.com,TNE3dU
cgeorgesona6,mmaudea6@amazon.de,v97lO58Ri6E1
hcomforda7,btumiotoa7@arizona.edu,PpkOyVNfJf
ospillarda8,ablytha8@mit.edu,LG7EVKH
rethingtona9,jfarna9@apache.org,YCA3uYrSXhXK
aquarrieaa,cjosephsonaa@answers.com,QT9pD91x
wbaddowab,istlouisab@jugem.jp,4O4YsX2Rn
mbasinigazziac,mjaggardac@prlog.org,oii7iCM9vN
uhillad,bwartersad@ca.gov,ciFGK1
jtreleavenae,ymarcomeae@globo.com,ugrRp93X3sb2
acurnockaf,lcapeyaf@noaa.gov,pfBEbtM
chaylettag,hwarlawag@sourceforge.net,Rycz8mbk
hdunbobinah,atrelevenah@shop-pro.jp,1mgeotHyEcGR
ybookai,dheeneyai@narod.ru,Ko8BomgzwOJR
mrodmellaj,bfishwickaj@dell.com,RRiNqRe6OZ
cwallettak,ajennisonak@ocn.ne.jp,hZEZxwNgYwr
vtrowsdaleal,mharmanal@wufoo.com,XyyZA7u
acrossonam,awealthallam@rakuten.co.jp,1cPCuZymk1
shighwayan,whambrickan@elpais.com,IBFlOYP
veschalotteao,asherao@umn.edu,5ZhhtBm
cgorstap,msivessap@army.mil,YV5kdCkAczW
acoarseraq,amedcalfeaq@blogs.com,O2vboD2MbYc
askivingtonar,rinnocentar@cafepress.com,OcCIYvzqhPy
ahaugeras,rbursnollas@w3.org,gOAa1vCi
monolandat,hweekeat@arstechnica.com,7iFije960u
tdowneau,dsnaddenau@blog.com,EyjCsYtexa5e
egironeav,dconnopav@dell.com,7bEeOjBO0FxJ
iochiltreeaw,nswatheridgeaw@altervista.org,4KtHyrf
bsanciasax,avarahax@symantec.com,qHolFm75CJmn
cdomeniconeay,sflaubertay@shutterfly.com,i7q85NY5C
sfilipponiaz,ifarraz@1688.com,mqcnrefAwo98
gmeddb0,dsetchfieldb0@sphinn.com,ll7rq0LvDvdR
mwiffieldb1,esharplinb1@rediff.com,e7Nv3Cuse
taguirreb2,klandallb2@cargocollective.com,v9OEGn0HtF
tgallienneb3,ccohenb3@house.gov,bbl3weA
wrumensb4,aoloinnb4@princeton.edu,DNAZR8BRjIo
mtunkinb5,rlamymanb5@blogtalkradio.com,Mc9ucBUCuW6
hfranklenb6,apendridb6@spiegel.de,UhHIQcYW
smingusb7,jkemerb7@tumblr.com,DoQlPcdM
moleahyb8,hdiessb8@webeden.co.uk,DMw621mV
kmoranb9,ochaineyb9@ehow.com,PFaBDx5
nmawsonba,eduggetba@bigcartel.com,KRr7vTLpk
afearnyhoughbb,ebosquetbb@usnews.com,jFICbC5POrT
vbinnellbc,bdantoniobc@mashable.com,2HZLKXV2V2
ofennebd,sgerholzbd@prweb.com,U77k8bgbw8N
dbraynebe,ilownsbroughbe@dedecms.com,9x6JXhedo0pA
djelkbf,erounsivallbf@google.ca,Q1Xh3onx
jwallettbg,akuresbg@simplemachines.org,mHQAcp2aG6
eebanksbh,rworwoodbh@google.es,cB4lxa1NG
kvangiffenbi,ggoneaubi@istockphoto.com,aKtWRzx6k
wbernasekbj,rgrindlebj@answers.com,UqppVpp
polczakbk,ncowndenbk@com.com,Pz0h3FTAzE0
mdarkinbl,esmaridgebl@zdnet.com,2x9Vvd
bpolsonbm,nnarybm@apple.com,pTWcEvnRgJ9
eanlaybn,amarconibn@163.com,nmIkYI
amatusevichbo,btheobaldbo@omniture.com,OKJ9UQ1
mferraribp,bgudgionbp@mac.com,q9dft1a5WiR9
obellybq,vchelsombq@elpais.com,4515ZUnxE3Hj
jduddenbr,haskiebr@amazon.co.jp,8nljiF43
fchasneybs,vcutridgebs@deviantart.com,hX885e8t
ecorybt,ameakerbt@mashable.com,HWIdYGycWZAJ
mcharpinbu,rflorentinebu@icq.com,oiZVIs3Cdn
ogannbv,iwoolfallbv@ask.com,pFYWcHCFb
teagerbw,csienebw@si.edu,5w1Vg5XIs
aranbybx,lvoffbx@google.com.hk,8FCTYDotC
kgalletyby,cboobierby@unc.edu,thNaSZ3C
markowbz,mbortolbz@blogtalkradio.com,6JDL6Pp8uDKH
jchallenerc0,apickburnc0@exblog.jp,SJRtUSQhp
kwimbushc1,laldingtonc1@cdc.gov,CSwkVTT
jbachurac2,areppc2@latimes.com,ibIXnvmbB
kzukerc3,etomsc3@reddit.com,XPsk3qu
mshevellc4,afawthropc4@ycombinator.com,6cTiWKI543it
opichanc5,tdetocc5@disqus.com,GWPvdqhsbje
sbuxcyc6,rbritianc6@technorati.com,wdMLel6Lwu
kbutterc7,flandegc7@nhs.uk,IFr1GuFnqfc
tklehnc8,afairfootc8@wufoo.com,7w5HWChe4L
mfishc9,cbizzeyc9@youtube.com,CkIQSZAo
jholahca,flatesca@apache.org,SkMreG6iZ5Jf
swaughcb,ehealingcb@51.la,f97gblgaC
frizzardocc,mstollercc@devhub.com,zI2kRQksm2
bbarringercd,efeldfishercd@salon.com,LlwgBQ
sdenajerace,vpatelce@ca.gov,WEoakn
vwillingalecf,adinkincf@friendfeed.com,dxTPhF8
egiacomellicg,mscarfcg@slate.com,0mw4pH4xlGX
tgirodierch,ddevineych@buzzfeed.com,K5K8hABp
wgavahanci,mlaughtonci@linkedin.com,SAfZwH0RJn4
msiddoncj,pcampeycj@blog.com,ZxjcnIAk
dellsonck,mheinzelck@go.com,DxYtpey
cislipcl,lpenningtoncl@t-online.de,ZHAQ16Q3V
rbettesworthcm,agrinvalcm@cbc.ca,utQLNYLw
twallegecn,tjerochcn@goodreads.com,zQCMSK
nmccaghanco,mbeebleco@infoseek.co.jp,VWutQrqdA79u
ggilardengocp,eferandezcp@clickbank.net,ybYXBwXF
alacottecq,knisuiscq@irs.gov,Z3lzln
gkaplincr,gfantinicr@slate.com,Is9o9pgyMg
labsoncs,jvasquezcs@pagesperso-orange.fr,USYZ27bGRQI
agilffillandct,ejoppct@squidoo.com,gA5PBD
dtremellancu,cgiacomellocu@merriam-webster.com,DCfK6X9v
modriscollcv,lwatlingcv@senate.gov,jFdyi5HfcY2
gperreecw,csevillecw@pcworld.com,pG7cDA8rRC
estonhewercx,cplaxtoncx@webeden.co.uk,s8mqEBd0QrJD
laugarcy,lroylecy@bloglovin.com,R0nD7Gdswdzx
gpennazzicz,mbercevelocz@aol.com,8VDCrAHgBB
tgoodburd0,nketchd0@nifty.com,ceXKUVxgs0OR
dpleyd1,agerwoodd1@booking.com,NaXpKC4OFmQ
achineryd2,pfutterd2@upenn.edu,Q1xAQtx0WXt8
ctoffuld3,mkernelld3@parallels.com,sKeGvkiKmcg
ewhelbandd4,csuerod4@jigsy.com,hfCpfw
pcandwelld5,omacfadzeand5@seattletimes.com,kvaV477OmwY
mharfleted6,tchilesd6@rambler.ru,Cdee3mVhKNQG
gbottrilld7,lcotteld7@instagram.com,cIRjH87A5RAM
bfrancinod8,fcampiond8@yandex.ru,XskTfts04Mf
rdarwoodd9,kcaghyd9@hexun.com,zhnwYllkEbDG
ttitcomda,trichtenda@google.cn,olJ3nzout2Ud
ubrittledb,lcroaldb@wisc.edu,NqR5p0
jwifedc,jazemadc@google.it,kQYx3y
ckaledd,rdeegindd@who.int,v9FFFs58T
fshakesbyde,aswinglehurstde@sitemeter.com,M5451zkL57q
dsumptondf,jwhitnalldf@nytimes.com,dLeza8E9buD
dhawsbydg,wbaudtsdg@nature.com,qlG2Ila
fwybrewdh,aourydh@symantec.com,lj4k5PHBwY
gwelmandi,hdudilldi@altervista.org,WadoKEc4A8TQ
rnaisbydj,esmalldj@angelfire.com,86srpn
aandrusdk,tmaddinondk@vkontakte.ru,ZBPbVilqPFUn
mbowhaydl,bpiatekdl@newyorker.com,wIIjpufQJJ0U
lsowthcotedm,obeckinsaledm@constantcontact.com,X7q0EJsX4
mhassindn,ggroartydn@upenn.edu,figSRTa5Ror4
adoomando,jhaigdo@youtu.be,gE3V6u
pbernettidp,lcuttingsdp@comcast.net,u5493Pl1qrLX
iaimabledq,kcolerickdq@pagesperso-orange.fr,17CBKHyE
ashureydr,lcarlozzidr@newsvine.com,QqYOPqZR
krudgerdds,jcauderlieds@zimbio.com,5STqDriqubPE
kosoriodt,calnerdt@baidu.com,Q5tQVMKiGyVG
omcgaughiedu,atidburydu@dion.ne.jp,AhsqOWMFJaFV
fboeckedv,rreadmiredv@netvibes.com,UZhr8AU
mpatzeltdw,mjoppichdw@wikimedia.org,OmCO89OZFQ
wcheelddx,mkalinskydx@vkontakte.ru,YPOYGjlxd
pgarreddy,hgavrieldy@ocn.ne.jp,3HojycP
mbitchenodz,gpavlovicdz@google.co.jp,qVmNtqews
hphizackarleye0,bcastellinie0@prweb.com,FuVr7Z
rbrydsone1,delcouxe1@sohu.com,6zrwr4N
gadvanie2,mgarnare2@phpbb.com,wZWvGJzi0oj2
lboswoode3,ecrabbee3@ucoz.com,tJFnR07
eperrymane4,csmalecombee4@w3.org,tgot5gV
lcamine5,nrosenwalde5@eepurl.com,Dml4aHeHL
lscougalle6,gdressee6@lycos.com,HrU1t4B3RB8
ccradicke7,lholttome7@homestead.com,zCiZXs3uU
tidae8,vfilippozzie8@wix.com,OIJAn9kbsXTu
slagdee9,rlawlye9@google.co.uk,4XcclrWiENAk
slowreyea,ncrollaea@hexun.com,XbhDPX8QLa
lmullineb,smattiesseneb@columbia.edu,mGIykVv7R
stroyesec,bortec@yolasite.com,NImUqr1jD1bi
gridoutted,uglindeed@histats.com,tNzfsf1IN
ksouthwardee,jedinburghee@utexas.edu,4QeBGZL9pZ
jelpheyef,ekeplingef@fda.gov,J3pkpn4fGY
sbalasineg,nashmoleeg@usa.gov,E3rGVOLgd5Y
spoolmaneh,gknelleh@pinterest.com,b7LBRZpG5
vturnbullei,abradbeerei@addthis.com,kH49AQdSZeL8
jussherej,dcolatonej@posterous.com,q46ovAmqkN
mrubensek,obramhillek@ftc.gov,CqEV3cVKeY1
smccafferkyel,aconrathel@51.la,w28a509HmaV
zhogginem,skingswoodeem@salon.com,lhwpWk
knorgateen,kliepinaen@mlb.com,kqvW6N
bjearumeo,aklimusheveo@edublogs.org,6CIjoL
swincottep,medmondsonep@sun.com,oPFl88a4g
ksiwardeq,cgiacomazzoeq@jalbum.net,cXIhtgAHqkZ
mpiwaller,hwittletoner@mashable.com,KIO7w8
javerieses,sogavines@1und1.de,w2aqAB
echamberlayneet,ebeadeet@wikipedia.org,L0koBNU
cklimowskieu,sjindricheu@netvibes.com,EOvu7gQ3
rlittrikev,kdaughtreyev@psu.edu,o9foluK36J5
hkillfordew,jkaiserew@newsvine.com,KxBBqeu
oroartyex,edunnetex@soundcloud.com,coZVd0kp3e
bkaliszewskiey,hmorganey@netlog.com,HznSAi
scubbinez,cbeecraftez@a8.net,A4kr2NzR8
aarmfieldf0,baitkinf0@smugmug.com,jmC21TIK9t
mbaudonf1,iwardingleyf1@nymag.com,RQgudC1
sambrosettif2,ahachettef2@nyu.edu,zKwQtKj3U
kebanksf3,zjakovf3@dyndns.org,KwFL4lCJdKs
pscotsonf4,gshowlerf4@engadget.com,Wdn4iQA24n0
bmaraf5,tthickensf5@about.com,YNgylB
santaof6,cfinessyf6@nps.gov,6aCXY6ZVxcnD
lshewringf7,dpateyf7@blogspot.com,fJj73F
cgiacobillof8,cgarstangf8@tumblr.com,qsNa8vc3Lb27
dcorteisf9,mpavierf9@aol.com,2yYIfg088eD2
jetteryfa,mdainesfa@ft.com,4iOJDeOF
ohamalfb,bassardfb@unesco.org,O7OMgYAdgWd
jclementfc,cholburyfc@rakuten.co.jp,GA5Q56
cmcilwrickfd,malsinafd@wikipedia.org,9w1NXY
ovasicfe,kfarlanefe@springer.com,shynfr
jovillff,pcharityff@reverbnation.com,4OkhNnGlFtH
vtootalfg,hdallyfg@instagram.com,ZKh8ek8E
dhobgenfh,rwhiffenfh@independent.co.uk,ihhK0u3kJmEF
staffiefi,emocharfi@mozilla.org,kg9Hzb6
emcilraithfj,adilaweyfj@usda.gov,BTXdk7S3L
phyndsonfk,ccoulthardfk@businessweek.com,DxPIOqec7bA
chitzschkefl,ascrowstonfl@scientificamerican.com,AekeyCPkn
cdobbyfm,klemmertzfm@accuweather.com,MPW8Q679EVgi
gmcsarryfn,lnelsenfn@t-online.de,9kstIa3LXnp
hgounelfo,dsantacrolefo@time.com,3jmQnqDfEQ
cmongeotfp,kfavellfp@acquirethisname.com,zgMlNzm
eseyffertfq,wuziellifq@theglobeandmail.com,VqpeWMr4KU
sbrownfr,cdaubyfr@yahoo.com,loJ2BLpuK
atinlinefs,stoffalonifs@blogspot.com,oTBP08PG
eellicockft,msummersettft@ask.com,yuzNZuKB17c
jkiljanfu,mledgertonfu@networkadvertising.org,d2iuUBlTpUQy
oiacovellifv,rfreeburnfv@hostgator.com,B9kv7wJA3qwj
rmeneelyfw,dsummerhayesfw@wired.com,Je8Mq8G
sheinelfx,tmenichinofx@tinypic.com,1ngqenkXyX
nmaclucaisfy,cwimbridgefy@apache.org,4ZKOED7nST
aeckersleyfz,hpikesleyfz@w3.org,9kp2bQyP5L
acreameng0,lnelligang0@wsj.com,kalnFvcF
cmiguelg1,ecotilardg1@indiegogo.com,dkUDZDnYCoQ
vrotchellg2,nminking2@house.gov,DsxXxHa
pstopperg3,dokeavenyg3@ed.gov,lo4flP
mcrossfeldg4,kfewtrellg4@census.gov,HSehCR
bgilyottg5,jhayg5@pagesperso-orange.fr,2OqS4chTH
cblencoweg6,warundaleg6@indiegogo.com,se2XnrJ5a2SF
dblythingg7,wburrettg7@canalblog.com,Sgs1e9cMi2t8
jtathacottg8,rreiachg8@weibo.com,G0xygE
lverdeng9,scockramg9@hhs.gov,56amaoX
dferebeega,jeslandga@tuttocitta.it,O2HDNSK
ichaddockgb,njikovskygb@dailymotion.com,oIhVnQmVM
arameletgc,tmunceygc@java.com,oC0yOOmB7
sarraultgd,bdooreygd@japanpost.jp,9BR5QEG
tcrepinge,scolebournege@last.fm,z1x26u7
psergeangf,fbarettegf@unblog.fr,FkgssxYKl
cpavlasekgg,rgazegg@cmu.edu,g2KtgolJrK
rtohillgh,wscrivnergh@jimdo.com,xvLPFVd
jhamertongi,mrathegi@clickbank.net,P4G8rGPaWaI
lturviegj,lnormanvillegj@arstechnica.com,q9z6wJVg
jadamogk,bblydegk@cocolog-nifty.com,av6uiU6Z1zA
vjorckgl,egreenhousegl@dyndns.org,17YqPb4Dc
crainardgm,rgrimblegm@friendfeed.com,lvokDtNE8Hd
mvailgn,schasemooregn@flavors.me,syfUXrkmX
tstocksgo,rhowsleygo@army.mil,9knOr0A3kvk
sjoerninggp,gcanetgp@tmall.com,svRwLt3tzSU
tellickgq,srentenbeckgq@archive.org,QHSS7x
jmcniffgr,amcillroygr@guardian.co.uk,5WlpjRMVtXj
gsheehangs,mvannaccigs@diigo.com,6g9QVEH
tadrangt,smowlesgt@networksolutions.com,QFzxLpbtJ
brickerdgu,nburdisgu@spotify.com,y0rkf7nT7
rmycockgv,oabadegv@t.co,fzIVd577PW
hphateplacegw,gfinkgw@unicef.org,dBF7D6DFock
dhouchingx,bdsouzagx@youtu.be,79vvaBjS
jhurrygy,cgamlingy@mashable.com,7t2CRZZK8
spechardgz,dschwandermanngz@linkedin.com,5JFeBxVpGrlM
aruggieroh0,gortash0@irs.gov,1DDuWFa4GSX
bhedgesh1,fpetschelh1@mayoclinic.com,zlIsiZT
cpiatkowskih2,iduboish2@deliciousdays.com,fc4SrEo4s6mJ
mchingeh3,abaillesh3@de.vu,6TX0TjPazk
rpengellyh4,dagostinih4@google.com.au,EGMKcOf5
vwormanh5,thasserh5@netlog.com,v3f5otBr
bmawerh6,cvanhesterenh6@histats.com,i5K6mv6yr4q
mpidcockh7,rbraniganh7@huffingtonpost.com,35K0C5b0fgVZ
rmorrellh8,bfrapeh8@reference.com,kaa7iEVr
hgoodlakeh9,sgureryh9@artisteer.com,nxcePDozWvuz
lvedyasovha,dferrarha@deliciousdays.com,HZkMnJTTQZuK
omartinehb,mrubenovichb@nymag.com,WHPtDtzP
chirschhc,lodonnellhc@usa.gov,UIUs1w2Ou
dratnagehd,tmachenhd@yelp.com,MFZkSVN
gmcphillipshe,lcrunkhurnhe@google.ru,dRcQUVBJ67R
siacovonehf,phambletonhf@wikimedia.org,QJNap9H9um
bclampehg,koholleganhg@salon.com,2vfzzKUg
wvosehh,cbrassillhh@cargocollective.com,oYJspBlDW
bmeredithhi,sboswardhi@google.com,2dvk2R4
aschwerinhj,zturmelhj@liveinternet.ru,1dejSiepZ
ebarshamhk,mbritnerhk@constantcontact.com,xOnCUheJ
dlawlanhl,hstoylehl@nasa.gov,HJ0vC3gY0
odundendalehm,pwhitefoothm@globo.com,jQeytCgGTS
hbloomhn,yreingerhn@hhs.gov,V6FMJZ7PIc
rsmallho,lbeiningho@ox.ac.uk,myXFsEkD
icowanhp,tlampenshp@icq.com,XXC7DjQMmF
dwhistanhq,sflannhq@prlog.org,eIXLI9NHJ8FD
lworwoodhr,hholdallhr@over-blog.com,4EFxJi
rstockmanhs,vburkinshawhs@wired.com,tBL9Ib
mkinglesydht,jlippattht@about.me,YLyyzl
rjerochhu,jmagowanhu@edublogs.org,ZiLtpzME
amayerhv,dtittletrosshv@aol.com,lxrPDxkig5j
lsoalhw,mwillisonhw@globo.com,cUYcTFFqrU
mduplainhx,cmccrowhx@mapquest.com,bINQz2PUK
fonolanhy,kdrusthy@drupal.org,rI5ss4JIB2p
screeghanhz,pdraytonhz@topsy.com,Eqfsh9W
kerlami0,chainsi0@blogtalkradio.com,fM5TpF15kiEO
stouroti1,wdenseyi1@npr.org,qHFvvjqxD
bmacneilleyi2,aautryi2@boston.com,xWFldXplzC
jsprulli3,jfashami3@xrea.com,V9PQPWe33
lkaszperi4,jyoxeni4@hatena.ne.jp,OBLDj4hB6g
breascei5,mmckendoi5@amazon.com,7FrUl1XOgLhe
trosemani6,sbusselli6@theglobeandmail.com,JY6sKfJ9
mdellortoi7,nsmelliei7@smh.com.au,jWvyh6re
cgallahari8,flesurfi8@hud.gov,6TIcI74fqpq
clowi9,fmembryi9@examiner.com,mDkhVt2n
ileftlyia,nnewnhamia@statcounter.com,QoM6TYoKMnxw
ckubikib,mhardinghamib@zimbio.com,8JWdgIGyZ06b
mgekeic,bmunningsic@liveinternet.ru,4lK9SCLZnKSh
awolstencroftid,jamsbergerid@ow.ly,RVbrfeRuU
dbellissie,fgodleyie@tuttocitta.it,u2T9seTm6U
sashplantif,abruckif@furl.net,Wr7g5oNwRZE9
nbedoig,nfearnleyig@quantcast.com,JR876F
wcameliih,cheninghemih@earthlink.net,m5HWuCXqSr
ctrenholmeii,abyii@ucsd.edu,4B8rkFQF
bpallaschij,ccooneyij@nytimes.com,eoPzXNXu
teisakik,mosherinik@hibu.com,mk4CxObt
gnorreyil,dchantrellil@yandex.ru,PwNebO
dhealingim,jminogueim@cloudflare.com,jiTGOODyNwW
mrowlattin,marensin@google.com.au,8EFZ1XvD
eneashamio,abalamio@mapy.cz,SODPKZp
tbertip,soxbeip@ustream.tv,3TXF0Kamtk8W
vsherreardiq,hevelyniq@devhub.com,7xc8e0
wbadbyir,foquirkir@tripod.com,tGsRk8oI
gdamrelis,sfalkinghamis@ucoz.ru,8K4XRrB8snp
svaldesit,ntolputtit@spotify.com,ak8pNxm
ksigginiu,akembreyiu@scribd.com,hnGRM6tY
rreppaportiv,cfontanetiv@fotki.com,Bw0K0mjOWw
tcambelliw,ghughsoniw@furl.net,JgQkXPit
ahiddsleyix,mtuttiettix@ucla.edu,h8sEFfkg
sgreenalfiy,fspaveniy@163.com,n52Lf7CHh9
whutsoniz,ndemareiz@exblog.jp,fZdkX9zNxkC8
kkellochj0,mbiggerdikej0@gov.uk,hUgUIcgSJPrF
mdoyleyj1,bseamenj1@msu.edu,dSkQ7JBqp6
ymacanellyej2,mkilloughj2@mlb.com,PnRAKobmfcGc
mbatesonj3,adurnallj3@msn.com,5XFxPCSxWWbR
lrainej4,kmailej4@kickstarter.com,vl8qdDk9
aschererj5,lgarthsidej5@google.com,xdEOmUF1
tlafondj6,dladsonj6@is.gd,WH2T9vAHFIOx
mcicettij7,biacovellij7@disqus.com,CNTWfcC
jbarnhamj8,qjessonj8@altervista.org,dPywAJvp
vfilpij9,talvaradoj9@unesco.org,fUo2ZjEm
kfullickja,wshaveja@addthis.com,iWaONYBuYp5
dcicceralejb,alotonjb@bloglines.com,oheSgjeHt
wbeginjc,adarcyjc@wikispaces.com,Xu3Qd2ipFuZL
fsallerjd,csherrumjd@japanpost.jp,t7g87CiQ
cmahareyje,gbagnellje@smh.com.au,eoakGAo2
kdrewcliftonjf,cbakhrushinjf@wired.com,0Lt6C2yYpJf3
dcannjg,aburnsjg@mediafire.com,X0SfLrI
opoplejh,pstainjh@printfriendly.com,kCoRoIF2ngp2
dmccoryji,demblinji@microsoft.com,UookxG
jbarkawayjj,brivalandjj@mail.ru,FB3iEv
adowntonjk,mcoltmanjk@hibu.com,tHdDL09QT
vbownasjl,dtwitteyjl@soundcloud.com,sQBe4E
dkitsonjm,jhornigjm@paginegialle.it,YibaqetXK
zrazzelljn,gwiddocksjn@google.cn,b4BNpP7hOn
jmelvinjo,bcasarilijo@tiny.cc,qQ6ljU7EJR
jwyldjp,oajsikjp@google.co.uk,swATiG14CSin
pbloysjq,ghedworthjq@mail.ru,aM1DVCNz7akP
fcowleyjr,ipiggremjr@youtu.be,9WhsPebOw
widdensjs,klintilljs@quantcast.com,Kmor6F1ckPGX
ilambertinijt,kdanilevichjt@t-online.de,3yfOLcGAy
ihuycheju,dwignallju@irs.gov,0IkimwReIrE
dangelijv,jdunsfordjv@mozilla.com,RogpJc
rbonellejw,pnayerjw@si.edu,jxGpEwLw
ttalboyjx,aturbefieldjx@flickr.com,5jzIq5LP
hquartlyjy,agallichanjy@va.gov,q5Jxhde
swhileyjz,llordonjz@github.com,qd2YlM
iblaydonk0,fbillingsk0@salon.com,1UIyXJ
knormantk1,vbakesefk1@w3.org,iMUAyjj
abaldreek2,nblakeyk2@moonfruit.com,2Gh0EJ5auT3a
pleekek3,gawmackk3@bing.com,TfVLfCH2Z
alambirthk4,gmackerelk4@devhub.com,SkISvj8YARP
hfretsonk5,hnoldak5@cnn.com,21xyZRj
spyerk6,cmacknishk6@cornell.edu,4tjDQiYSp5WE
eroyank7,lleftleyk7@apache.org,SDPM3Kq
epeagramk8,khustingsk8@newyorker.com,0XpNjVvkXU
mgowngek9,schaytork9@blogs.com,YyRry7
hhobdenka,hmeriottka@unblog.fr,RIZOjHPxa
nyelyashevkb,pskynerkb@uol.com.br,jHEZ0atDhn4X
aspinaskc,nhirthkc@reverbnation.com,NTheGKY
isheardskd,rloughnankd@quantcast.com,yUiBGjY
kpinnigarke,bdelahuntke@senate.gov,u6HrB4lI
rwychekf,mhughesdonkf@cmu.edu,3abk9RvOIdQ
dickovitskg,bgrandinkg@bizjournals.com,aSY7xW
tsheeringkh,mbabbagekh@uiuc.edu,U8st3sR
rhemphillki,cmaddrahki@ycombinator.com,UmQXSUWC
fbinnerkj,rocurrankj@paginegialle.it,dyOoMB
dlyptrattkk,gjozwiakkk@github.io,owpyBkZNL
pmckellenkl,jbrimmacombekl@jimdo.com,kMkEnDOz0DP
lagasskm,cduckeringkm@cbslocal.com,RvmF63
lclappertonkn,schattellkn@vimeo.com,ChpHo7fLykWd
wyurivtsevko,ariggko@wikimedia.org,3qYjxzHc
fsellekkp,crobelinkp@i2i.jp,s94fvrX
gkeelinkq,bextalkq@census.gov,QdpRVNd3M
tmylchreestkr,wwedmorekr@vistaprint.com,N5dCGxO
aspandleyks,lhaggisks@mlb.com,DdM47K9O
hcaustickt,gricketkt@paypal.com,3CW6Oc
nvitlerku,gmaccaddieku@springer.com,R7SeBkz182DQ
aflookskv,tkobpalkv@rambler.ru,tDSOI3CkxW8Q
eshimwellkw,jbickardikekw@walmart.com,U6zPvkZP427
stilsleykx,dmcnerlinkx@washingtonpost.com,z8ksvTFG
ocolisbeky,pnellisky@twitpic.com,9fqvXk
mmacelanekz,fsimnettkz@google.pl,RtmzA6wvP3xq
kmcguggyl0,mshipl0@va.gov,46t00vpGnlxg
msorbeyl1,nramshawl1@examiner.com,q25kAhRuz0LB
lmaleneyl2,dmerwel2@elpais.com,xQWQZ8XkZ2
tdogetl3,abonnickl3@uiuc.edu,aJPUsJ7iyaf
apettingerl4,wdeevesl4@yelp.com,4diZTd
kbelliardl5,tlobleyl5@google.es,4OmJMw1
faldusl6,vterraml6@liveinternet.ru,tdoZkFLuM
dgaylerl7,nofallownel7@webnode.com,CYsyWshkYLXB
dmacdearmontl8,lcluttenl8@youku.com,th7flWgAHRSN
scorderyl9,nchaddockl9@cnn.com,Ry1Xahfe
dcreenanla,fdominikla@admin.ch,rQTExyCNB9
vgriolilb,cdiglelb@netlog.com,egesdI5D
lriseboroughlc,fmartlandlc@opera.com,jAIQPqs28
gbriggeld,sferraresild@shinystat.com,e9jvIdm0o
cbosnellle,mburfittle@addthis.com,uG4XQK
iwelburnlf,pcockilllf@ezinearticles.com,56OmHJCAB
amahaffeylg,gknoklg@usgs.gov,8TjlAo
gcurrlh,powttrimlh@sina.com.cn,qUcAix
btinkli,wsandilandli@tiny.cc,aNrD9mHp
dwelshlj,cgrimoldbylj@vistaprint.com,e4TbSct8k5y
dselvesterlk,wwoollandlk@army.mil,lhap84
bravenscroftll,dcoytesll@sciencedirect.com,s3PcbKlDdT
rblazejlm,zescofierlm@webeden.co.uk,FOXOYImvgQz
ekrammerln,pcosseyln@stanford.edu,XT25vR22sJL
fplacstonelo,vthriftlo@bandcamp.com,KaU4Sdi6AO6r
drenolslp,ggonnellylp@list-manage.com,cebeBId4
lmaykinlq,omatchamlq@forbes.com,EkWMcUjPMuV
vhackletonlr,mmccolleylr@usa.gov,e0jC3Kxa
atumiellils,wtarbetls@va.gov,oM3Ewr2x881
fgrahlmanslt,krobillartlt@people.com.cn,O98wqP
ekieldlu,dsantorelu@163.com,wH0q63d0wnn
astrudwicklv,ckhristyukhinlv@trellian.com,Jo1p2PCv
mrodielw,dhumberstonlw@t.co,9uVBwrL
hshimmanslx,gdunnionlx@weather.com,rfp9OsndTv
imcdowellly,pkiddly@discovery.com,2wHVnqEPN4ri
aquarlislz,jkileylz@indiegogo.com,I5vx0jLYw
gwoolwaym0,ewalentam0@newsvine.com,0VxTPU
vgirardeym1,hchartresm1@kickstarter.com,SBaBXq27zPu
mbrandassim2,greem2@auda.org.au,OEgnjya5Y
mnorkettm3,aprofferm3@cdc.gov,0RvGuIi
dmasdingm4,jfrankism4@ucsd.edu,GpWwKYM0oxG
gschoolingm5,lcarlonim5@list-manage.com,rpt3f85opO
gwassm6,cbabidgem6@bbc.co.uk,j6AdwycbY
nhobsonm7,mklimschm7@washingtonpost.com,JbDzp8AOt51S
llauchlanm8,hsoitouxm8@ifeng.com,OiHyVmsYcR1h
mthorpm9,mheinertm9@macromedia.com,W6Pd3Ir4O
wcerseyma,srudyardma@ebay.co.uk,FQ18Z20PZ3x
ljosilowskimb,jtubblemb@va.gov,U0ZgQXEgfl
gewinsmc,hdraggemc@dell.com,bTUoW9qij
ahenzemd,rdrancemd@purevolume.com,aILo23Nc0j
bgillogleyme,lculyme@alibaba.com,JQll4fl
rhanmoremf,jedgehillmf@list-manage.com,bjiKSnB
tmayworthmg,gsleanymg@sourceforge.net,WzkdHt
gspouremh,cpavlatamh@washington.edu,ActMflxvQ
gpannamanmi,kaizikovmi@blogtalkradio.com,iXMi74voG81
ablasiomj,jknibleymj@cpanel.net,1dO2BZp82fl
carbucklemk,hhethronmk@flavors.me,0m7k1zG
nkrochml,chaighml@mac.com,dCBZBbl
dtibbsmm,kmcfeatemm@whitehouse.gov,Q9YiuJaKgxI
akewzickmn,atidboldmn@live.com,UhaIfb7
gtringmo,spackhammo@skype.com,8y7gXMe0
esleanymp,dhrishchenkomp@patch.com,Cfa9TWQf1
bstukemq,hspeendenmq@google.ca,DwQYbNHPMIry
sbutchermr,fturnmr@unc.edu,ywASMNezSK
tapplinms,mvalentettims@istockphoto.com,x4RddA
hcuttingsmt,rdecarlomt@newsvine.com,HmmVez
mcargenvenmu,sscobbiemu@intel.com,1D2t0Rmn
lmacpadenemv,hfilovmv@walmart.com,5m25RxEZT3jW
dralfemw,aglossopmw@goo.ne.jp,k1R2Rh56g
dhutcheonsmx,tbartlettmx@parallels.com,Hligji40C
gdowersmy,pherionmy@delicious.com,Ap6BWfnmp7Wq
gburgottmz,dbernlimz@google.com,3LeRN3H4
bwaddilown0,wlesleyn0@phpbb.com,XHaYBqYY8
bciciuran1,hbrookbankn1@blogtalkradio.com,MvF6a0
lsapirn2,rdyballn2@unc.edu,zkMWzwhLS
akybirdn3,jputlandn3@msn.com,6oMxlh
csheffieldn4,atoothn4@w3.org,wHV66dz0x
cklaggen5,mdaltonn5@nasa.gov,mewU8F
dlusgdinn6,gredbournn6@plala.or.jp,pLrgCMOZ
tcozensn7,jdenshamn7@deviantart.com,dMTnmqhnEPJ
wkellenn8,igirkinn8@lycos.com,PwsitBrsN
sangrickn9,dnormantonn9@nyu.edu,ivdV79vKKj
wdismorena,abooleyna@theatlantic.com,DCIpSAIBi
amaccarlichnb,hdenzilownb@tinyurl.com,bcsBjBDJ
tturnernc,lstockallnc@php.net,h9MmGF
mwatshamnd,rhendrichsnd@posterous.com,yOM3sXd
wendriccine,ikaveneyne@cyberchimps.com,qBpijNPDzl
cshrawleynf,jnaptinnf@artisteer.com,TA11szE
jgullng,dchadwenng@admin.ch,rl2TFL
fgarvinnh,shackeltonnh@geocities.com,oPaWiseY
bpinareni,jdurmanni@sciencedirect.com,kHVGbmg
gaddamsnj,aoglethorpenj@1688.com,UyrRmgA6PRN
nsimlank,jmcclearynk@123-reg.co.uk,niDXjES
rguideranl,tchurchousenl@ebay.co.uk,rLxPq4nTiSxa
adelberguenm,ldomaschkenm@vimeo.com,HhmhzG1Oy33a
sgledstanenn,svlachnn@sakura.ne.jp,DEcGqvDgLX7Y
mdowkerno,kdorracottno@a8.net,XC1gldn
jrawoodnp,tdinisconp@yahoo.com,B6y9Hbju
dkuhntnq,jpancoustnq@zimbio.com,vytekMVvPCL
hpabeliknr,alambrooknr@addthis.com,iFkM7f
bsparkens,rgafferns@edublogs.org,y8OdB3QH
choflernt,seddisfordnt@furl.net,CzKhC7Xi7JKl
ldanjoienu,akerwennu@stumbleupon.com,tGePqc
cperviewnv,fcowlingnv@google.es,a33nPE
irhodusnw,mbeddardnw@cocolog-nifty.com,UCwBH3
klarnnx,arizzonenx@hud.gov,VunipAoXH9M
mkeningtonny,pmullenderny@msu.edu,cUtT4p
hbatramnz,bpurynz@google.it,PSdGs9
dpleadeno0,cbetkeo0@paypal.com,QBUUtxnA
mhrinishino1,ewoolletto1@lulu.com,b59hGU7n2h
arollingsono2,mbeneditoo2@washingtonpost.com,zExIFPX5
tguyeo3,bflamento3@weibo.com,CdW4Xa3c
awoodesono4,frichieo4@smugmug.com,LI4FUslqc
gnewhouseo5,amontiero5@businessinsider.com,wpWSVx8HTb9
eoscanlono6,rwinchcombeo6@twitpic.com,RuzNvu
motleyo7,rsuerzo7@myspace.com,GjbnNxao7
anodeso8,hkibbeo8@mediafire.com,Mv89xQB
dcastelloo9,soverstoneo9@webeden.co.uk,ZFgFHRPUtk
hdimitrovoa,edranceoa@infoseek.co.jp,BpE91px2C0yo
ethrustleob,bgalileeob@ox.ac.uk,VqvRdiAA
knooroc,sdensieoc@apple.com,6hDoc1Jm1L
gvanderwaltod,atuckerod@nsw.gov.au,Fqp1Y4rp4h
psheweryoe,kaldcorneoe@vinaora.com,P01YI2ZV8R8
cwerrettof,pjacoxof@google.it,SfpVfxwIUw
ndonneog,lludfordog@indiatimes.com,i3JI2VG0
dtilbeyoh,imaddamsoh@istockphoto.com,wkyPTxYx
sburnetoi,kkembreyoi@go.com,unlJYM7rIhrG
kkunzoj,gdockertyoj@dropbox.com,SDQbUOR
mmccloudok,dschimaschkeok@businessweek.com,6ZfzAld5Yti
odemendozaol,ogladerol@ed.gov,xscVj7jZjqM
kdykasom,lkivitsom@macromedia.com,VLVKwgkL
sslineon,rprahlon@nifty.com,BF1ssuXQ
kwilcockeoo,skeitchoo@gnu.org,8GccWcWXy
bfenichop,mvinallop@yale.edu,PwnG9Gz8DMHz
friceardsoq,ehanmoreoq@cyberchimps.com,WeisB3KCBqj
sheddenor,cwelhamor@msn.com,SXDDLR
fgamageos,jbechos@cbslocal.com,meXHbM
fcurcherot,tvarahot@php.net,lE1mzsZSkOB
gtocquevilleou,dkiraou@state.gov,wnN34a0yE
ypinxtonov,brudolphov@vimeo.com,FX1z5kk
hotterow,gaskeyow@vistaprint.com,nFQBAMO6
slinklaterox,fcrightenox@constantcontact.com,qsMdnlycf
cluttonoy,ucorpsoy@tinypic.com,Ec6IIfk
iwederelloz,jbayfieldoz@ifeng.com,vYxjZj6Js
jrosnaup0,fblankhornp0@bandcamp.com,hOdmyGOj
mfleotep1,omuddimanp1@google.com,QojW63pN
esteadmanp2,lmattingsonp2@usgs.gov,3G3eJZ
amcgralep3,emcurep3@flickr.com,Q7jvcp23y0W
rghidolip4,enoirp4@dyndns.org,aLAh86w1bM
vhewsp5,cvarranp5@wordpress.org,VmrLsHZv5
aheusticep6,agilstounp6@miibeian.gov.cn,pWjYzL5GC7P
rdoyleyp7,cgermainp7@cyberchimps.com,RUmtRI
ischroterp8,aendecottp8@latimes.com,XFD2my
mschulterp9,nludlomp9@xrea.com,fevCuU
drainsdonpa,dlavenpa@cnbc.com,crWbKWuhH
fbartoshevichpb,vmenicopb@sciencedirect.com,d0Iio5g7Cr
lcamiliopc,svandeveldepc@booking.com,UVnLDtHkpoWY
dpilgerpd,dkindreadpd@cbsnews.com,VTLUdbLsRq
mheinigpe,mtollitpe@theguardian.com,N5yBPMJoSn
dmatiewepf,gwhitmanpf@sfgate.com,Qva70Hh50f9
jcollisonpg,pronaghanpg@github.com,mn3MdgB7
aballinghallph,raizikovitzph@google.fr,UdnHW1
cmcalroypi,mgeorgpi@a8.net,MUdKgYnNLRn
rshirlandpj,rpavinesepj@hp.com,uzeP0LORfl8Y
tcroshawpk,lyashnovpk@xing.com,PTYPNrY5xYO
lhoudhurypl,hdaenpl@imdb.com,Nc5Oecx
htorbetpm,mhaylespm@forbes.com,VsXgG4g
ealleynepn,mgabbitispn@alibaba.com,rSRKb3
hgofordpo,emannapo@ebay.com,MlQLZjPOJ8un
tknealepp,dgladwinpp@eventbrite.com,SRoGiB
nmardypq,gbrollypq@irs.gov,HaBHH8ttPm
chowlettpr,saikenheadpr@de.vu,5LojsndCE74
dmormanps,abeckeps@wsj.com,xnErafxXJb
mcharkept,lkingpt@ibm.com,xiI8C0j
jpetrenpu,maxelbypu@icio.us,SJyufryQiCD
ggierckepv,rmarkpv@nba.com,jqUeJSc
bduckerpw,dkirklandpw@house.gov,c6p9V67TfgU
cjamarypx,lpringpx@amazon.co.jp,7BOndV
mgladtbachpy,dfoypy@t-online.de,HIteE0
npurcellpz,kmasserelpz@360.cn,pkMXhm9r
facumq0,pmccaullq0@pinterest.com,47TlB6
wjeffryq1,abreacheq1@rediff.com,3a8Bgsnf7x
capedaileq2,jpatilloq2@google.nl,0lhb9mspZGX
tkettoeq3,mallenq3@thetimes.co.uk,ob1t9RcI4EM
mprigmoreq4,lsousterq4@skype.com,hl9V90
fbrimnerq5,madcockq5@edublogs.org,VxaCfIr
pallawyq6,mdunnq6@behance.net,RB83vbNsCN9C
hsimonettq7,vgustickeq7@telegraph.co.uk,F2UA6N
casquezq8,krozzierq8@nytimes.com,cwKjf3n95
domullaneyq9,godeeganq9@quantcast.com,CU8t5eUZh
kwitheropqa,mvernonqa@vk.com,v3Zk2K
hdunawayqb,aboddamqb@youtube.com,J19RVYFAwug
rlaffordqc,gsneezumqc@cargocollective.com,blERWLmq
clindopqd,tcurpheyqd@ehow.com,LIhE2LJ
hnewsonqe,mmarlorqe@hibu.com,kwHm8Ft3ezlL
ncorlettqf,pklaaassenqf@dagondesign.com,eMYGkzdP
fmatuskiewiczqg,mbrodieqg@indiatimes.com,C9N9dDxrfCLv
kblaiseqh,cmarkovicqh@canalblog.com,qis5z6vwH2
agoulbornqi,cheaslyqi@wikia.com,peV3VmbyaU
obaldcockqj,gsynnotqj@mozilla.com,xFw7bit
rvedeneevqk,scastagnaroqk@princeton.edu,vhhlJKlj
gdumbltonql,dkarpfenql@technorati.com,CRtfXt
galenikovqm,vbriscoeqm@arstechnica.com,amKEcA5P
bfoysterqn,hhandyqn@slideshare.net,Z9IglNsuO
tcastqo,gguiettqo@accuweather.com,OUMD69of3xRE
vjandaqp,mfilpoqp@163.com,0I70kav
jmurpheyqq,mbenianqq@github.io,uvWbFKeMVnN
nbesterqr,ublenkinsoppqr@guardian.co.uk,1GCrZ4ll
vmacwhanqs,mendicottqs@indiatimes.com,8OxshrAFoD
hdomencqt,shinceqt@barnesandnoble.com,WnMabUrn
jmouldingqu,agrigsqu@marriott.com,YINYvcIz
rbolzenqv,ttraherqv@shinystat.com,RqV9mW4
epoyleqw,ogrinnellqw@cdc.gov,oElqbr
trousbyqx,beayresqx@icio.us,wQF5NAu
sarondelqy,lsarllqy@skyrock.com,lPGy7h
olaceqz,cinkleqz@go.com,fx1fYFZrt
lgallaccior0,hyouder0@pbs.org,nIzeSjG15a3H
kwoodingtonr1,bwaslinr1@yahoo.co.jp,9VUFNIyOyk
twaterhousr2,shaggishr2@mediafire.com,R6T3vU4mGYG
areinbachr3,klaiser3@blog.com,nIztoCrHVXrS
bcochr4,rlouther4@gov.uk,vBCTuSJU
kstoter5,nschowenburgr5@is.gd,oxFAD1OKa
rbachshellr6,tklempsr6@blog.com,EO9tXkdEbjPY
ljurkiewiczr7,jmocherr7@addthis.com,g5qG3a
mkesonr8,akentishr8@123-reg.co.uk,fN21KFAM40
ltalmanr9,gtitterellr9@tmall.com,9NILrtIZx6w
dschwandermannra,hcolbronra@guardian.co.uk,ZOqTFzqUAo
lenterleinrb,tmonierrb@wikipedia.org,bFKtEz2b4uUg
bpickthornerc,gworvellrc@noaa.gov,E05lDvveuI4A
rmatantsevrd,acashamrd@goo.ne.jp,Q9VRU5E
celleringtonre,gchasteyre@walmart.com,pcoXHX
cparramorerf,mfrobisherrf@businessinsider.com,R2Yoc9hyGFFp
kedlynerg,dluetyrg@xinhuanet.com,9QkCFo
ibluntrh,kphettiplacerh@va.gov,RlfoRNE
vpietrusiakri,egosdinri@baidu.com,4sv7JJwWE
bhawlgarthrj,lstopperrj@npr.org,OE5aosSGfOxt
cdonaghyrk,rdobsonsrk@sfgate.com,OxrSeG
htebbutrl,khayersrl@bizjournals.com,CqM5ZiQNfrUS
astanionrm,eguidonerm@reddit.com,HAWfNy54yil
eshearstonrn,bmclellandrn@walmart.com,G6NPnj
pizaacro,rcasiroliro@sfgate.com,diOATOosPF
spaurrp,pshanklerp@360.cn,5ol4ZgEqjp
mrakestrawrq,fpavekrq@nyu.edu,bdFjaVEj6GS
mgantrr,ddebankerr@unicef.org,diE74hc
